Step	Training Loss	Validation Loss
100	8.086100	7.173121
200	7.082400	6.959678
300	6.957200	6.867932
400	6.895900	6.811758
500	6.847300	6.767365
600	6.814200	6.749499
700	6.786200	6.731207
800	6.813700	6.717448